accuracy,f1,precision,recall
0.9,0.8997493734335839,0.9023569023569024,0.9
